;age;hba1c;insuline taken;other drugs taken
0;0.4647277236448078;0.12500739166089006;0.3292458552550608;0.08101902943924134
